mutType	mutNum	totalRootNum
A[C>A]A	5507	30523928
A[C>A]C	2059	12984280
A[C>A]G	884	4273506
A[C>A]T	2510	20174260
C[C>A]A	2440	18690645
C[C>A]C	2732	11104347
C[C>A]G	915	3437650
C[C>A]T	1685	17000134
G[C>A]A	2569	20226011
G[C>A]C	1043	10691380
G[C>A]G	682	3598069
G[C>A]T	1713	18545694
T[C>A]A	3629	25877973
T[C>A]C	1437	15593498
T[C>A]G	439	3558237
T[C>A]T	2665	23859689
A[C>G]A	3971	30523928
A[C>G]C	1265	12984280
A[C>G]G	644	4273506
A[C>G]T	2764	20174260
C[C>G]A	1026	18690645
C[C>G]C	902	11104347
C[C>G]G	277	3437650
C[C>G]T	1413	17000134
G[C>G]A	1733	20226011
G[C>G]C	978	10691380
G[C>G]G	442	3598069
G[C>G]T	1922	18545694
T[C>G]A	2358	25877973
T[C>G]C	1366	15593498
T[C>G]G	389	3558237
T[C>G]T	3666	23859689
A[C>T]A	11575	30523928
A[C>T]C	4749	12984280
A[C>T]G	16407	4273506
A[C>T]T	8236	20174260
C[C>T]A	5297	18690645
C[C>T]C	4490	11104347
C[C>T]G	10143	3437650
C[C>T]T	6045	17000134
G[C>T]A	6855	20226011
G[C>T]C	4100	10691380
G[C>T]G	11008	3598069
G[C>T]T	7030	18545694
T[C>T]A	7408	25877973
T[C>T]C	5876	15593498
T[C>T]G	9578	3558237
T[C>T]T	8097	23859689
A[T>A]A	3392	20943343
A[T>A]C	1222	16249760
A[T>A]G	1766	23153053
A[T>A]T	2840	27118467
C[T>A]A	1255	12056994
C[T>A]C	1820	17984024
C[T>A]G	2207	27578337
C[T>A]T	1874	22041607
G[T>A]A	1055	13522981
G[T>A]C	758	13094299
G[T>A]G	1966	21593554
G[T>A]T	1366	20125834
T[T>A]A	3905	24932548
T[T>A]C	964	21669554
T[T>A]G	1077	22704932
T[T>A]T	4110	45182771
A[T>C]A	7116	20943343
A[T>C]C	2678	16249760
A[T>C]G	7409	23153053
A[T>C]T	8305	27118467
C[T>C]A	2308	12056994
C[T>C]C	2672	17984024
C[T>C]G	5191	27578337
C[T>C]T	3370	22041607
G[T>C]A	3631	13522981
G[T>C]C	2373	13094299
G[T>C]G	7590	21593554
G[T>C]T	5018	20125834
T[T>C]A	4297	24932548
T[T>C]C	3289	21669554
T[T>C]G	3392	22704932
T[T>C]T	6065	45182771
A[T>G]A	1558	20943343
A[T>G]C	1306	16249760
A[T>G]G	1269	23153053
A[T>G]T	1990	27118467
C[T>G]A	663	12056994
C[T>G]C	1745	17984024
C[T>G]G	1417	27578337
C[T>G]T	2345	22041607
G[T>G]A	762	13522981
G[T>G]C	761	13094299
G[T>G]G	2363	21593554
G[T>G]T	2195	20125834
T[T>G]A	2004	24932548
T[T>G]C	947	21669554
T[T>G]G	1558	22704932
T[T>G]T	5470	45182771
